Workbook

Sheet Planilha4
A1: MATRICULA | B1: NOME | C1: ORGAO | D1: PLANO | E1: EMPRESA | F1: CATEGORIA FUNCIONAL | G1: REFERENCIA | H1: OBSERVAÇÃO | I1: DATA REQUERIMENTO E APOSENTADORIA | J1: PROVENTOS | K1: MODALIDADE APOSENTADORIA | L1: MIGRAR | M1: INFORMAÇÃO | N1: DIVISÃO | O1: SITUAÇÃO | P1: CATEGORIA | Q1: TIPO DE CALCULO | R1: FORMA DE REVISÃO | S1: TIPO | T1: CALCULO | U1: Indicador | V1: Tipo de Benefício | W1: E-Social | X1: FOLHA | Y1: Rubricas Permanentes | Z1: Valor | AA1: Rubricas Permanentes | AB1: Valor | AC1: não inserido em fofolha
A2: 014438-0 | B2: KLEBER SOARES CORREIA LIMA | C2: cbmpi | D2: PLANO DO SERVIDOR POLICIAL MILITAR | E2: Polícia Militar do Estado do Piauí | F2: CORONEL | G2: 5 - 1 - CORONEL - I - A | H2: 00227.000006/2025-99 | I2: 16/12/2024 | J2: INTEGRAL | K2: Reserva remunerada ex officio | L2: S | M2: Polícia Militar do Estado do Piauí – CORONEL | N2: Aposentado - Militar | O2: Reserva | P2: Militares | Q2: Integralidade | R2: Reajuste Anual | S2: Integral | T2: Remuneração | U2: N | V2: 0501 - Reserva remunerada compulsória | W2: 22 | X2: 01/2025-300 | Y2: 121002 | Z2: 19366,90 | AA2: 121240 | AB2: 330,40 | AC2: =COUNTIF(Planilha2!G:G,Planilha4!A2) -> 2
A3: 085539-1 | B3: ANTONIO DILSON DA SILVA | C3: pmpi | D3: PLANO DO SERVIDOR POLICIAL MILITAR | E3: Polícia Militar do Estado do Piauí | F3: 3º SARGENTO | G3: 5 - 1 - 3º SARGENTO - I - A | H3: 00227.000006/2025-99 | I3: 16/12/2024 | J3: INTEGRAL | K3: Reserva remunerada a pedido | L3: S | M3: Polícia Militar do Estado do Piauí – 3º SARGENTO | N3: Aposentado - Militar | O3: Reserva | P3: Militares | Q3: Integralidade | R3: Reajuste Anual | S3: Integral | T3: Remuneração | U3: N | V3: 0502 - Reserva remunerada integral | W3: 22 | X3: 01/2025-300 | Y3: 121002 | Z3: 4163,88 | AA3: 121240 | AB3: 47,74 | AC3: =COUNTIF(Planilha2!G:G,Planilha4!A3) -> 2

Sheet Aposentadoria
A1: MATRICULA | B1: NOME | C1: ORGAO | D1: PLANO | E1: EMPRESA | F1: CATEGORIA FUNCIONAL | G1: REFERENCIA | H1: OBSERVAÇÃO | I1: DATA REQUERIMENTO E APOSENTADORIA | J1: PROVENTOS | K1: MODALIDADE APOSENTADORIA | L1: MIGRAR | M1: INFORMAÇÃO | N1: DIVISÃO | O1: SITUAÇÃO | P1: CATEGORIA | Q1: TIPO DE CALCULO | R1: FORMA DE REVISÃO | S1: TIPO | T1: CALCULO | U1: Indicador | V1: Tipo de Benefício | W1: E-Social | X1: FOLHA | Y1: Rubricas Permanentes | Z1: Valor | AA1: Rubricas Permanentes | AB1: Valor | AC1: não inserido em fofolha
A2: 082875-X | B2: WILSON FERREIRA MAXIMO | C2: pmpi | D2: PLANO DO SERVIDOR POLICIAL MILITAR | E2: Polícia Militar do Estado do Piauí | F2: 3º SARGENTO | G2: 5 - 1 - 3º SARGENTO - I - A | H2: 00227.000006/2025-99 | I2: 16/12/2024 | J2: INTEGRAL | K2: Reserva remunerada a pedido | L2: S | M2: Polícia Militar do Estado do Piauí – 3º SARGENTO | N2: Aposentado - Militar | O2: Reserva | P2: Militares | Q2: Integralidade | R2: Reajuste Anual | S2: Integral | T2: Remuneração | U2: N | V2: 0502 - Reserva remunerada integral | W2: 22 | X2: 01/2025-300 | Y2: 121002 | Z2: 4163,88 | AA2: 121240 | AB2: 47,74 | AC2: =COUNTIF(Planilha2!C:C,Aposentadoria!A2) -> 0
A3: 080052-0 | B3: GERSON LIMA DAMIAO | C3: pmpi | D3: PLANO DO SERVIDOR POLICIAL MILITAR | E3: Polícia Militar do Estado do Piauí | F3: CABO | G3: 5 - 1 - CABO - I - A | H3: 00227.000006/2025-99 | I3: 16/12/2024 | J3: INTEGRAL | K3: Reserva remunerada a pedido | L3: S | M3: Polícia Militar do Estado do Piauí – CABO | N3: Aposentado - Militar | O3: Reserva | P3: Militares | Q3: Integralidade | R3: Reajuste Anual | S3: Integral | T3: Remuneração | U3: N | V3: 0502 - Reserva remunerada integral | W3: 22 | X3: 01/2025-300 | Y3: 121002 | Z3: 4040,38 | AA3: 121240 | AB3: 47,74 | AC3: =COUNTIF(Planilha2!C:C,Aposentadoria!A3) -> 0
A4: 015441-5 | B4: EDISON DE DEUS CARVALHO | C4: pmpi | D4: PLANO DO SERVIDOR POLICIAL MILITAR | E4: Polícia Militar do Estado do Piauí | F4: CABO | G4: 5 - 1 - CABO - I - A | H4: 00227.000006/2025-99 | I4: 16/12/2024 | J4: INTEGRAL | K4: Reforma por invalidez a pedido | L4: S | M4: Polícia Militar do Estado do Piauí – CABO | N4: Aposentado - Militar | O4: Reforma | P4: Militares | Q4: Integralidade | R4: Reajuste Anual | S4: Integral | T4: Remuneração | U4: N | V4: 0401 - Reforma por invalidez | W4: 22 | X4: 01/2025-300 | Y4: 121002 | Z4: 4040,38 | AA4: 121240 | AB4: 47,74 | AC4: 0
A5: 084343-1 | B5: ARESTIDES RIBEIRO SOARES NETO | C5: pmpi | D5: PLANO DO SERVIDOR POLICIAL MILITAR | E5: Polícia Militar do Estado do Piauí | F5: CABO | G5: 5 - 1 - CABO - I - A | H5: 00227.000006/2025-99 | I5: 16/12/2024 | J5: PROPORCIONAL | K5: Reforma por invalidez | L5: S | M5: Polícia Militar do Estado do Piauí – CABO | N5: Aposentado - Militar | O5: Reforma | P5: Militares | Q5: Proporcional | R5: Reajuste Anual | S5: Proporcional | T5: Remuneração | U5: N | V5: 0401 - Reforma por invalidez | W5: 22 | X5: 01/2025-300 | Y5: 121002 | Z5: 3442,63 | AA5: 121240 | AB5: 47,74 | AC5: 0
A6: 015970-X | B6: VALMIR PEREIRA DE OLIVEIRA | C6: pmpi | D6: PLANO DO SERVIDOR POLICIAL MILITAR | E6: Polícia Militar do Estado do Piauí | F6: 3º SARGENTO | G6: 5 - 1 - 3º SARGENTO - I - A | H6: 00227.000006/2025-99 | I6: 16/12/2024 | J6: INTEGRAL | K6: Reserva remunerada a pedido | L6: S | M6: Polícia Militar do Estado do Piauí – 3º SARGENTO | N6: Aposentado - Militar | O6: Reserva | P6: Militares | Q6: Integralidade | R6: Reajuste Anual | S6: Integral | T6: Remuneração | U6: N | V6: 0502 - Reserva remunerada integral | W6: 22 | X6: 01/2025-300 | Y6: 121002 | Z6: 4163,88 | AA6: 121240 | AB6: 47,74 | AC6: =COUNTIF(Planilha2!C:C,Aposentadoria!A6) -> 0
A7: 014438-0 | B7: KLEBER SOARES CORREIA LIMA | C7: pmpi | D7: PLANO DO SERVIDOR POLICIAL MILITAR | E7: Polícia Militar do Estado do Piauí | F7: CORONEL | G7: 5 - 1 - CORONEL - I - A | H7: 00227.000006/2025-99 | I7: 16/12/2024 | J7: INTEGRAL | K7: Reserva remunerada ex officio | L7: S | M7: Polícia Militar do Estado do Piauí – CORONEL | N7: Aposentado - Militar | O7: Reserva | P7: Militares | Q7: Integralidade | R7: Reajuste Anual | S7: Integral | T7: Remuneração | U7: N | V7: 0501 - Reserva remunerada compulsória | W7: 22 | X7: 01/2025-300 | Y7: 121002 | Z7: 19366,90 | AA7: 121240 | AB7: 330,40 | AC7: =COUNTIF(Planilha2!C:C,Aposentadoria!A7) -> 2
A8: 015394-0 | B8: FRANCISCO DE ASSIS ALMEIDA CARVALHO | C8: pmpi | D8: PLANO DO SERVIDOR POLICIAL MILITAR | E8: Polícia Militar do Estado do Piauí | F8: 2º SARGENTO | G8: 5 - 1 - 2º SARGENTO - I - A | H8: 00227.000006/2025-99 | I8: 16/12/2024 | J8: INTEGRAL | K8: Reserva remunerada a pedido | L8: S | M8: Polícia Militar do Estado do Piauí – 2º SARGENTO | N8: Aposentado - Militar | O8: Reserva | P8: Militares | Q8: Integralidade | R8: Reajuste Anual | S8: Integral | T8: Remuneração | U8: N | V8: 0502 - Reserva remunerada integral | W8: 22 | X8: 01/2025-300 | Y8: 121002 | Z8: 4454,39 | AA8: 121240 | AB8: 47,74 | AC8: =COUNTIF(Planilha2!C:C,Aposentadoria!A8) -> 0
A9: 082851-3 | B9: FRANCISCO JONILSON DA SILVA MORAIS | C9: pmpi | D9: PLANO DO SERVIDOR POLICIAL MILITAR | E9: Polícia Militar do Estado do Piauí | F9: 3º SARGENTO | G9: 5 - 1 - 3º SARGENTO - I - A | H9: 00227.000006/2025-99 | I9: 16/12/2024 | J9: INTEGRAL | K9: Reserva remunerada a pedido | L9: S | M9: Polícia Militar do Estado do Piauí – 3º SARGENTO | N9: Aposentado - Militar | O9: Reserva | P9: Militares | Q9: Integralidade | R9: Reajuste Anual | S9: Integral | T9: Remuneração | U9: N | V9: 0502 - Reserva remunerada integral | W9: 22 | X9: 01/2025-300 | Y9: 121002 | Z9: 4163,88 | AA9: 121240 | AB9: 47,74 | AC9: =COUNTIF(Planilha2!C:C,Aposentadoria!A9) -> 2
A10: 082916-1 | B10: CARLOS ALBERTO SOARES LIMA | C10: pmpi | D10: PLANO DO SERVIDOR POLICIAL MILITAR | E10: Polícia Militar do Estado do Piauí | F10: 3º SARGENTO | G10: 5 - 1 - 3º SARGENTO - I - A | H10: 00227.000006/2025-99 | I10: 16/12/2024 | J10: INTEGRAL | K10: Reserva remunerada a pedido | L10: S | M10: Polícia Militar do Estado do Piauí – 3º SARGENTO | N10: Aposentado - Militar | O10: Reserva | P10: Militares | Q10: Integralidade | R10: Reajuste Anual | S10: Integral | T10: Remuneração | U10: N | V10: 0502 - Reserva remunerada integral | W10: 22 | X10: 01/2025-300 | Y10: 121002 | Z10: 4163,88 | AA10: 121240 | AB10: 47,74 | AC10: =COUNTIF(Planilha2!C:C,Aposentadoria!A10) -> 0
A11: 085623-1 | B11: PEDRO ALVES DOS SANTOS FILHO | C11: pmpi | D11: PLANO DO SERVIDOR POLICIAL MILITAR | E11: Polícia Militar do Estado do Piauí | F11: 3º SARGENTO | G11: 5 - 1 - 3º SARGENTO - I - A | H11: 00227.000006/2025-99 | I11: 16/12/2024 | J11: INTEGRAL | K11: Reserva remunerada a pedido | L11: S | M11: Polícia Militar do Estado do Piauí – 3º SARGENTO | N11: Aposentado - Militar | O11: Reserva | P11: Militares | Q11: Integralidade | R11: Reajuste Anual | S11: Integral | T11: Remuneração | U11: N | V11: 0502 - Reserva remunerada integral | W11: 22 | X11: 01/2025-300 | Y11: 121002 | Z11: 4163,88 | AA11: 121240 | AB11: 47,74 | AC11: =COUNTIF(Planilha2!C:C,Aposentadoria!A11) -> 2
A12: 082466-6 | B12: GERSON PEREIRA SILVA | C12: pmpi | D12: PLANO DO SERVIDOR POLICIAL MILITAR | E12: Polícia Militar do Estado do Piauí | F12: 3º SARGENTO | G12: 5 - 1 - 3º SARGENTO - I - A | H12: 00227.000006/2025-99 | I12: 16/12/2024 | J12: INTEGRAL | K12: Reserva remunerada a pedido | L12: S | M12: Polícia Militar do Estado do Piauí – 3º SARGENTO | N12: Aposentado - Militar | O12: Reserva | P12: Militares | Q12: Integralidade | R12: Reajuste Anual | S12: Integral | T12: Remuneração | U12: N | V12: 0502 - Reserva remunerada integral | W12: 22 | X12: 01/2025-300 | Y12: 121002 | Z12: 4163,88 | AA12: 121240 | AB12: 47,74 | AC12: =COUNTIF(Planilha2!C:C,Aposentadoria!A12) -> 0
A13: 084217-6 | B13: JOSE DE RIBAMAR FERREIRA | C13: pmpi | D13: PLANO DO SERVIDOR POLICIAL MILITAR | E13: Polícia Militar do Estado do Piauí | F13: 3º SARGENTO | G13: 5 - 1 - 3º SARGENTO - I - A | H13: 00227.000006/2025-99 | I13: 16/12/2024 | J13: INTEGRAL | K13: Reserva remunerada a pedido | L13: S | M13: Polícia Militar do Estado do Piauí – 3º SARGENTO | N13: Aposentado - Militar | O13: Reserva | P13: Militares | Q13: Integralidade | R13: Reajuste Anual | S13: Integral | T13: Remuneração | U13: N | V13: 0502 - Reserva remunerada integral | W13: 22 | X13: 01/2025-300 | Y13: 121002 | Z13: 4163,88 | AA13: 121240 | AB13: 47,74 | AC13: =COUNTIF(Planilha2!C:C,Aposentadoria!A13) -> 0
A14: 082662-6 | B14: VALDY DE MOURA FE | C14: pmpi | D14: PLANO DO SERVIDOR POLICIAL MILITAR | E14: Polícia Militar do Estado do Piauí | F14: 3º SARGENTO | G14: 5 - 1 - 3º SARGENTO - I - A | H14: 00227.000006/2025-99 | I14: 16/12/2024 | J14: INTEGRAL | K14: Reserva remunerada a pedido | L14: S | M14: Polícia Militar do Estado do Piauí – 3º SARGENTO | N14: Aposentado - Militar | O14: Reserva | P14: Militares | Q14: Integralidade | R14: Reajuste Anual | S14: Integral | T14: Remuneração | U14: N | V14: 0502 - Reserva remunerada integral | W14: 22 | X14: 01/2025-300 | Y14: 121002 | Z14: 4163,88 | AA14: 121240 | AB14: 47,74 | AC14: =COUNTIF(Planilha2!C:C,Aposentadoria!A14) -> 2
A15: 085482-4 | B15: MARCIO FERNANDES DE SOUSA COSTA | C15: pmpi | D15: PLANO DO SERVIDOR POLICIAL MILITAR | E15: Polícia Militar do Estado do Piauí | F15: 3º SARGENTO | G15: 5 - 1 - 3º SARGENTO - I - A | H15: 00227.000006/2025-99 | I15: 16/12/2024 | J15: INTEGRAL | K15: Reserva remunerada a pedido | L15: S | M15: Polícia Militar do Estado do Piauí – 3º SARGENTO | N15: Aposentado - Militar | O15: Reserva | P15: Militares | Q15: Integralidade | R15: Reajuste Anual | S15: Integral | T15: Remuneração | U15: N | V15: 0502 - Reserva remunerada integral | W15: 22 | X15: 01/2025-300 | Y15: 121002 | Z15: 4163,88 | AA15: 121240 | AB15: 47,74 | AC15: =COUNTIF(Planilha2!C:C,Aposentadoria!A15) -> 2
A16: 079967-0 | B16: JOSE MARIA BARROS DA SILVA | C16: pmpi | D16: PLANO DO SERVIDOR POLICIAL MILITAR | E16: Polícia Militar do Estado do Piauí | F16: 3º SARGENTO | G16: 5 - 1 - 3º SARGENTO - I - A | H16: 00227.000006/2025-99 | I16: 16/12/2024 | J16: INTEGRAL | K16: Reserva remunerada a pedido | L16: S | M16: Polícia Militar do Estado do Piauí – 3º SARGENTO | N16: Aposentado - Militar | O16: Reserva | P16: Militares | Q16: Integralidade | R16: Reajuste Anual | S16: Integral | T16: Remuneração | U16: N | V16: 0502 - Reserva remunerada integral | W16: 22 | X16: 01/2025-300 | Y16: 121002 | Z16: 4163,88 | AA16: 121240 | AB16: 47,74 | AC16: =COUNTIF(Planilha2!C:C,Aposentadoria!A16) -> 2
A17: 085841-2 | B17: CARLOS EDUARDO BARBOSA DOS SANTOS | C17: pmpi | D17: PLANO DO SERVIDOR POLICIAL MILITAR | E17: Polícia Militar do Estado do Piauí | F17: 3º SARGENTO | G17: 5 - 1 - 3º SARGENTO - I - A | H17: 00227.000006/2025-99 | I17: 16/12/2024 | J17: INTEGRAL | K17: Reserva remunerada a pedido | L17: S | M17: Polícia Militar do Estado do Piauí – 3º SARGENTO | N17: Aposentado - Militar | O17: Reserva | P17: Militares | Q17: Integralidade | R17: Reajuste Anual | S17: Integral | T17: Remuneração | U17: N | V17: 0502 - Reserva remunerada integral | W17: 22 | X17: 01/2025-300 | Y17: 121002 | Z17: 4163,88 | AA17: 121240 | AB17: 47,74 | AC17: =COUNTIF(Planilha2!C:C,Aposentadoria!A17) -> 2
... A35: 084293-1 | B35: MILTON JUNIOR JOVINO DE SOUSA | C35: pmpi | D35: PLANO DO SERVIDOR POLICIAL MILITAR | E35: Polícia Militar do Estado do Piauí | F35: 3º SARGENTO | G35: 5 - 1 - 3º SARGENTO - I - A | H35: 00227.000006/2025-99 | I35: 16/12/2024 | J35: INTEGRAL | K35: Reserva remunerada a pedido | L35: S | M35: Polícia Militar do Estado do Piauí – 3º SARGENTO | N35: Aposentado - Militar | O35: Reserva | P35: Militares | Q35: Integralidade | R35: Reajuste Anual | S35: Integral | T35: Remuneração | U35: N | V35: 0502 - Reserva remunerada integral | W35: 22 | X35: 01/2025-300 | Y35: 121002 | Z35: 4163,88 | AA35: 121240 | AB35: 47,74 | AC35: =COUNTIF(Planilha2!C:C,Aposentadoria!A35) -> 0

Sheet Planilha3
A1: SIGLA_ORGO | B1: FOLHA | C1: MATRICULA
A2: funprev | B2: 01/2025-300 | C2: 014438-0
A3: funprev | B3: 01/2025-300 | C3: 082851-3
A4: funprev | B4: 01/2025-300 | C4: 085623-1
A5: funprev | B5: 01/2025-300 | C5: 082662-6
A6: funprev | B6: 01/2025-300 | C6: 085482-4
A7: funprev | B7: 01/2025-300 | C7: 079967-0
A8: funprev | B8: 01/2025-300 | C8: 085841-2
A9: funprev | B9: 01/2025-300 | C9: 085321-6
A10: funprev | B10: 01/2025-300 | C10: 084880-8
A11: funprev | B11: 01/2025-300 | C11: 085696-7
A12: funprev | B12: 01/2025-300 | C12: 084377-6
... A22: funprev | B22: 01/2025-300 | C22: 085861-7

Sheet Planilha1
A1: mat | B1: rub | C1: val | D1: par | E1: quant | F1: mês | G1: ano | H1: obs
A2: 082875-X | B2: 121002 | C2: 4163.88 | D2: V | F2: 1 | G2: 2025 | H2: 00227.000006/2025-99 | I2: =COUNTIF(Planilha4!A:A,A2) -> 0
A3: 080052-0 | B3: 121002 | C3: 4040.38 | D3: V | F3: 1 | G3: 2025 | H3: 00227.000006/2025-99 | I3: =COUNTIF(Planilha4!A:A,A3) -> 0
A4: 015441-5 | B4: 121002 | C4: 4040.38 | D4: V | F4: 1 | G4: 2025 | H4: 00227.000006/2025-99 | I4: =COUNTIF(Planilha4!A:A,A4) -> 0
A5: 084343-1 | B5: 121002 | C5: 3442.63 | D5: V | F5: 1 | G5: 2025 | H5: 00227.000006/2025-99 | I5: =COUNTIF(Planilha4!A:A,A5) -> 0
A6: 015970-X | B6: 121002 | C6: 4163.88 | D6: V | F6: 1 | G6: 2025 | H6: 00227.000006/2025-99 | I6: =COUNTIF(Planilha4!A:A,A6) -> 0
A7: 014438-0 | B7: 121002 | C7: 19366.9 | D7: V | F7: 1 | G7: 2025 | H7: 00227.000006/2025-99 | I7: =COUNTIF(Planilha4!A:A,A7) -> 1
A8: 015394-0 | B8: 121002 | C8: 4454.39 | D8: V | F8: 1 | G8: 2025 | H8: 00227.000006/2025-99 | I8: =COUNTIF(Planilha4!A:A,A8) -> 0
A9: 082851-3 | B9: 121002 | C9: 4163.88 | D9: V | F9: 1 | G9: 2025 | H9: 00227.000006/2025-99 | I9: =COUNTIF(Planilha4!A:A,A9) -> 0
A10: 082916-1 | B10: 121002 | C10: 4163.88 | D10: V | F10: 1 | G10: 2025 | H10: 00227.000006/2025-99 | I10: =COUNTIF(Planilha4!A:A,A10) -> 0
A11: 085623-1 | B11: 121002 | C11: 4163.88 | D11: V | F11: 1 | G11: 2025 | H11: 00227.000006/2025-99 | I11: =COUNTIF(Planilha4!A:A,A11) -> 0
A12: 082466-6 | B12: 121002 | C12: 4163.88 | D12: V | F12: 1 | G12: 2025 | H12: 00227.000006/2025-99 | I12: =COUNTIF(Planilha4!A:A,A12) -> 0
A13: 084217-6 | B13: 121002 | C13: 4163.88 | D13: V | F13: 1 | G13: 2025 | H13: 00227.000006/2025-99 | I13: =COUNTIF(Planilha4!A:A,A13) -> 0
... A69: 084293-1 | B69: 121240 | C69: 47.74 | D69: V | F69: 1 | G69: 2025 | H69: 00227.000006/2025-99 | I69: =COUNTIF(Planilha4!A:A,A69) -> 0

Sheet Planilha2
A1: Linha: 3 - Não inserida 'O funcionário de matrícula '154415' não foi encontrado.'. | B1: 154415' | C1: 015441-5
A2: Linha: 4 - Não inserida 'O funcionário de matrícula '843431' não foi encontrado.'. | B2: 843431' | C2: 084343-1 | F2: Linha: 1 - Não inserida 'O funcionário de matrícula '144380' não foi encontrado.'. | G2: 014438-0
A3: Linha: 6 - Não inserida 'O funcionário de matrícula '144380' não foi encontrado.'. | B3: 144380' | C3: 014438-0 | F3: Linha: 2 - Não inserida 'O funcionário de matrícula '828513' não foi encontrado.'. | G3: 082851-3
A4: Linha: 8 - Não inserida 'O funcionário de matrícula '828513' não foi encontrado.'. | B4: 828513' | C4: 082851-3 | F4: Linha: 6 - Não inserida 'O funcionário de matrícula '799670' não foi encontrado.'. | G4: 079967-0
A5: Linha: 10 - Não inserida 'O funcionário de matrícula '856231' não foi encontrado.'. | B5: 856231' | C5: 085623-1 | F5: Linha: 11 - Não inserida 'O funcionário de matrícula '843776' não foi encontrado.'. | G5: 084377-6
A6: Linha: 13 - Não inserida 'O funcionário de matrícula '826626' não foi encontrado.'. | B6: 826626' | C6: 082662-6 | F6: Linha: 19 - Não inserida 'O funcionário de matrícula '855391' não foi encontrado.'. | G6: 085539-1
A7: Linha: 14 - Não inserida 'O funcionário de matrícula '854824' não foi encontrado.'. | B7: 854824' | C7: 085482-4 | F7: Linha: 22 - Não inserida 'O funcionário de matrícula '144380' não foi encontrado.'. | G7: 014438-0
A8: Linha: 15 - Não inserida 'O funcionário de matrícula '799670' não foi encontrado.'. | B8: 799670' | C8: 079967-0 | F8: Linha: 23 - Não inserida 'O funcionário de matrícula '828513' não foi encontrado.'. | G8: 082851-3
A9: Linha: 16 - Não inserida 'O funcionário de matrícula '858412' não foi encontrado.'. | B9: 858412' | C9: 085841-2 | F9: Linha: 27 - Não inserida 'O funcionário de matrícula '799670' não foi encontrado.'. | G9: 079967-0
A10: Linha: 17 - Não inserida 'O funcionário de matrícula '853216' não foi encontrado.'. | B10: 853216' | C10: 085321-6 | F10: Linha: 32 - Não inserida 'O funcionário de matrícula '843776' não foi encontrado.'. | G10: 084377-6
A11: Linha: 18 - Não inserida 'O funcionário de matrícula '848808' não foi encontrado.'. | B11: 848808' | C11: 084880-8 | F11: Linha: 40 - Não inserida 'O funcionário de matrícula '855391' não foi encontrado.'. | G11: 085539-1
A12: Linha: 20 - Não inserida 'O funcionário de matrícula '856967' não foi encontrado.'. | B12: 856967' | C12: 085696-7
A13: Linha: 21 - Não inserida 'O funcionário de matrícula '843776' não foi encontrado.'. | B13: 843776' | C13: 084377-6
A14: Linha: 24 - Não inserida 'O funcionário de matrícula '826332' não foi encontrado.'. | B14: 826332' | C14: 082633-2
A15: Linha: 25 - Não inserida 'O funcionário de matrícula '854557' não foi encontrado.'. | B15: 854557' | C15: 085455-7
A16: Linha: 26 - Não inserida 'O funcionário de matrícula '834904' não foi encontrado.'. | B16: 834904' | C16: 083490-4
A17: Linha: 27 - Não inserida 'O funcionário de matrícula '015838X' não foi encontrado.'. | B17: 015838X' | C17: 015838-X
A18: Linha: 28 - Não inserida 'O funcionário de matrícula '834874' não foi encontrado.'. | B18: 834874' | C18: 083487-4
A19: Linha: 29 - Não inserida 'O funcionário de matrícula '843164' não foi encontrado.'. | B19: 843164' | C19: 084316-4
A20: Linha: 30 - Não inserida 'O funcionário de matrícula '854689' não foi encontrado.'. | B20: 854689' | C20: 085468-9
A21: Linha: 31 - Não inserida 'O funcionário de matrícula '855391' não foi encontrado.'. | B21: 855391' | C21: 085539-1
A22: Linha: 32 - Não inserida 'O funcionário de matrícula '848727' não foi encontrado.'. | B22: 848727' | C22: 084872-7
A23: Linha: 33 - Não inserida 'O funcionário de matrícula '858617' não foi encontrado.'. | B23: 858617' | C23: 085861-7
... A46: Linha: 67 - Não inserida 'O funcionário de matrícula '858617' não foi encontrado.'. | B46: 858617' | C46: 085861-7

Sheet incluir_rub
A1: ORGAO | B1: FOLHA | C1: MATRICULA | D1: RUBRICA | E1: VALOR
A2: funprev | B2: 07/2024-300 | C2: 016078-4 | D2: 121002 | E2: 4963,52
A3: funprev | B3: 07/2024-300 | C3: 015360-5 | D3: 121002 | E3: 4963,52
A4: funprev | B4: 07/2024-300 | C4: 084366-X | D4: 121002 | E4: 3066,33
A5: funprev | B5: 07/2024-300 | C5: 084992-8 | D5: 121002 | E5: 11838,9
A6: funprev | B6: 07/2024-300 | C6: 080736-2 | D6: 121002 | E6: 18383,39
A7: funprev | B7: 07/2024-300 | C7: 082782-7 | D7: 121002 | E7: 9743,19
A8: funprev | B8: 07/2024-300 | C8: 014208-5 | D8: 121002 | E8: 3882,94
A9: funprev | B9: 07/2024-300 | C9: 046785-5 | D9: 121002 | E9: 3835,2
A10: funprev | B10: 07/2024-300 | C10: 015118-1 | D10: 121002 | E10: 3835,2
A11: funprev | B11: 07/2024-300 | C11: 179483-3 | D11: 121002 | E11: 1521,1
A12: funprev | B12: 07/2024-300 | C12: 015964-6 | D12: 121002 | E12: 3952,43
... A37: funprev | B37: 07/2024-300 | C37: 084848-4 | D37: 121240 | E37: 47,74
